"","dataset[which(dataset$service_type == ""Cash Transfer""), ""feedback""]"
"1","Considerar tener una línea de acceso directo, para cuando pasen percances
tengamos una respuesta rápida y una pronta solución. #FLORESTA #4
"
"2","Sugiero avisar por un SMS con anticipación sobre inconvenientes que tengan con
los pagos, así evitar expectativas cada mes. #SAN HUMBERTO #2
"
"3","Quiero evitar descuento por estar consultando saldo enviar un SMS con la novedad
de que el dinero está a nuestra disposición #QUINTANARES #2
"
"4","Informarnos sobre novedades extraordinarias que sucedan de manera mensual, ya
que hubo retraso en la fecha de pago. #ALTOS DE FLORIDA #2
"
"5","Que la organización avise por SMS con antelación cuando otras empresas nos van a
llamar, cada vez que me llaman estoy ocupada #EL CARMEN #2
"
"6","Debemos evitar descuento por consultar el saldo, NRC podría informarnos con SMS
que ya el pago ha sido exitoso en la cuenta #GACHANCIPA #3
"
"7","Línea solo para atender y darle solución a casos urgentes, desde febrero debí
recibir el primer pago y aún no ha sido posible. #SAN JOSÉ #4
"
"8","Estar más activos en enviar SMS avisando del pago, ya que de esa manera
tendremos seguridad para ir al cajero a retirar. #LOS TUNJUELITO #4
"
"9","Siento que cuando tengan retraso DRC puede llamarnos a comunicarnos el motivo,
ya que estamos a la expectativa de esto. #LA ISLA #4
"
"10","He llamado a la línea de ACH y no he tenido éxito, activar un chat directo vía
web así resolver las dudas en línea. #TUNJUELITO #2
"
"11","Informarle a sus usuarios por SMS cuando tengan inconvenientes con los pagos,
así evitar trasladarnos varias veces al cajero #LOS CEREZOS #3
"
"12","Atender las líneas telefónicas con prontitud. Tengo un problema con el saldo de
mi ayuda, pero no responden las líneas. #SAN CRISTOBAL #5
"
"13","Tener constancia con los SMS dando el aviso que el dinero ya se encuentra
disponible para retirar, así estaríamos más atentos. #FLORIDA #2
"
"14","Revisar siempre en la base de datos la cantidad que corresponde a cada usuario,
para que sea ésa la consignada y no menos #SAN ANTONIO #2
"
"15","Realizar una llamada para notificar el éxito de la consignación y así evitar ir
a consultar saldo, pues me descontaron $15.000 #MENDOZA #6
"
"16","Poca comunicación ya que no me entero cuando depositan y para nosotros es muy
importante que esto pase, así podemos salir. #BERBENAL #3
"
"17","Aprobar el beneficio midiendo la necesidad de cada persona, mi hijo es
discapacitado, tiene 4 hijos pero no salió beneficiado #LOS ROBLES #4
"
"18","Instar al banco a que haga las mejoras necesarias a la página en la que se
consulta, pues pide usuario y clave pero no carga #BOSA #3
"
"19","Sugiero que a los casos de bloqueo de tarjeta sean atendido rápidamente, tuve un
inconveniente y no he recibido respuesta. #SUBA RINCON #2
"
"20","Al realizar el censo analizar la posibilidad de recibir copias de documentos, no
tengo como ir a Venezuela a buscar el original #CARACOLI #4
"
"21","Quisiera que cada mes me avisaran para retirar el dinero ya que por cuarentena
es complicado salir todo el tiempo #ALQUERIA #3
"
"22","Agilizar la entrega de la tarjeta en caso de pérdida ya que hice todo el
procedimiento pero han pasado 20 días sin respuesta.  #FRAGUA #3
"
"23","Tener líneas de contacto efectivas, desde el mes de enero no recibo el dinero y
no he tenido ninguna respuesta #SIERRA MORENA #3
"
"24","Gestionar el envío de los mensajes a todos los usuarios notificando del depósito
a mí no me ha llegado desde el primer mes #LAS MERCEDES #4
"
"25","Realizar la verificación de datos de forma pronta, bloquearon mi tarjeta y no he
vuelto a tener respuesta, requiero ayuda #SAN MATEO #2
"
"26","Siempre he tenido que ir a verificar al cajero si está el depósito ya qué no han
avisado sugiero estar muy pendientes para hacerlo #UNIR2 #4
"
"27","Intentar hacer la revisión de documentos originales de forma rápida, estoy a la
espera del desbloqueo de mi tarjeta #BELLA VISTA #3
"
"28","Realizar las visitas que dijeron que harían, para verificar los datos y no
bloquear las tarjetas masivamente, necesito ayuda #LOS OLIVOS #3
"
"29","Visitar los hogares y así verificar que el núcleo si viva junto, así evitar el
bloqueo de tarjetas, necesito el cash #BELLA VISTA BAJA #3
"
"30","Agilizar el trámite de verificación de datos, bloquearon mi tarjeta desde enero
y no he tenido respuesta desde ese momento. #ENGATIVA #3
"
"31","Pronta respuesta a los correos de dudas e inquietudes que enviamos ya que a
veces se demoran mucho en atender estos SMS #PATIO BONITO #4.
"
"32","Es difícil comunicarse a la línea de atención de DRC, planteó que podrían
colocar un call center para estar más activos. #ENGATIVA #3
"
"33","Quisiera obtener respuesta de DRC, estuve intendo comunicarme con ellos, ya que
tengo la tarjeta bloqueada y aún no me llaman. #SAN MATEO #5
"
"34","Tratar de enviar el mensaje todos los meses cada vez que se haga el depósito ya
que lo recibí una sola vez y el resto no. #PRADO #3
"
"35","Me gustaría obtener respuesta de DRC, ya que hice una solicitud hace 15 dias y
hasta el momento no he obtenido información #LA ISLA #5.
"
"36","Tener a disposición atención vía WhatsApp de respuesta inmediata, ya que desde
hace 15 dias espero respuesta y no es enviada #SAN MATEO #3.
"
"37","Tuvimos que esperar por el depósito Ya que en el mes pasado no enviaron el
mensaje de la ayuda, sugiero tenerlo en cuenta #CIUDAD BOLÍVAR #3
"
"38","Es necesario que nos avisen con anticipación cuándo será el depósito así puedo
hablar con mi arrendatario, pues no lo han hecho #RINCÓN #4
"
"39","Permitir presentar el denuncio de pérdida de documento, mi esposo no logró
entrar al beneficio por no tener el documento original #EL POA #3
"
"40","SMS o llamada notificando depósito del beneficio ya que me enteró de esto es por
demás participantes, nunca me llega recordatorio #FLORES #4
"
"41","Tratar que el día exacto del depósito se nos pueda avisar con antelación y así
cuadrar con los arrendatarios el pago de la casa #FONTIBON #3
"
"42","Los canales de atención: correo electrónico y números telefónicos los atiendan,
necesito una asesoría y no contestan #VILLAS DE GRANADA #2.
"
"43","ACH propiamente realice la inscripción ya que tuve que pagar $10000 para
ingresar al programa y muchos lo están haciendo así.  #POTOSI #3
"
"44","Es mejor que los asesores llamen cuando se haya demorado el depósito, la fecha
estipulada no se ha cumplido hasta ahora #CIUDAD BOLÍVAR #4
"
"45","Deben ser más estrictos con la caracterización y la documentación ya que veo
personas con negocios y carros recibiendo la ayuda #POTOSI #3
"
"46","Haya personal encargado de contestar las llamadas de DRC ya que duré 1 mes
esperando a que me contestarán y tenía algunas dudas #LA FAENA #4
"
"47","Que NRC de la posibilidad más adelante de poder incluir a un familiar, vino mi
madre de Venezuela y el monto no me es suficiente. #SUBA #2
"
"48","Sugiero que cuando se bloqueen las tarjetas tengan una línea telefónica, así
agilizan estos casos, no he gozado la ayuda #SAN JOSÉ RONDON #3
"
"49","Reforzar la parte del sistema para que no se hagan cruces de datos y evitar que
en la misma familia reciban doble beneficio. #SAN MIGUEL #2
"
"50","A todos sus beneficiarios enviar un SMS con la notificación de el pago, porque
tendríamos mucha más certeza de retirarlo. #VILLA MARÍA #3
"
"51","No he podido recibir la ayuda, tratar de comunicarse más seguido con
beneficiarios vía correo para saber como van con la ayuda #OCAÑA #3
"
"52","Cada vez que haya un retraso o demora podamos ser notificados puesto que debí
recibir mi ayuda este mes y aún no ha llegado #ANDALUCIA #4
"
"53","Las notificaciones sobre cambios de datos personales lo realicen pronto ya que
lo he notificado 3 veces y no ha sido actualizado #BRASIL #2.
"
"54","A inicios de febrero me bloquearon la tarjeta y aún sigue así, deseo que esa
tarjetas sean de bloqueadas lo más pronto posible #LA ISLA #3
"
"55","Desde enero mi tarjeta está bloqueada y no me han dado razón de cuando la
desbloquearán, quisiera me llamen para aclarar dudas #ISLA BAJA #3
"
"56","Una línea que brinde asesoramiento cuando se tenga inconveniente con la tarjeta,
tengo un mes incompleto y no dan respuesta #Ciudad Verde #3
"
"57","Atención personalizada vía WhatsApp, así cuando existan dudas o inconvenientes
podamos recibir respuesta pronta por parte de DRC.
"
"58","Habiliten líneas directas de respuesta inmediata, para cuando sea bloqueada la
tarjeta podamos obtener información a la brevedad posible.
"
"59","Es importante que me envíen SMS notificando la consignación del dinero, en los 2
meses me han descontado dinero por no saber #LAS ACACIAS #3
"
"60","Si es posible tener una línea que sea para solucionar problemas de la tarjeta,
en mi caso tengo un mes con la tarjeta bloqueada #La Isla #4
"
"61","Propongo que DRC llame a las personas que tenemos problema con la tarjeta y nos
aclaren todo, llevo 2 meses sin la ayuda #Rincon del Lago #3
"
"62","Realizar la encuesta de manera presencial para determinar el adecuado monto
porque no quede satisfecha ya que hay familias que reciben mas
"
"63","Nos llame ACH para brindar información de que seremos llamados para una encuesta
de Kuja Kuja ya que me da temor dar el nombre del barrio.
"
"64","Si van hacer bloqueos de tarjeta avisar al beneficiario, así no tener impase
cómo me paso fui a pagar en el supermercado y salió inválida.
"
"65","Mejorar el trato de algunos funcionarios hacía nosotros, el día que fui a
retirar la tarjeta me sentí incómoda deberían hacer pausas activas
"
"66","Mi tarjeta se bloqueo y me indicaron que era por verificación de datos, dar esta
información por medio de llamadas así queda clara la causa.
"
"67","Nos demoramos en obtener respuesta en la línea telefónica, colocar una opción de
ingresar nuestro número para que ACH regrese la llamada.
"
"68","Considero que la ayuda también debería ser para los colombianos, una amiga llamó
y le negaron el beneficio; ella enserio requiere el dinero.
"
"69","Salí seleccionada pero nunca he recibido la ayuda, la tarjeta se me extravió he
dejado la notificación al correo de ACH pero no me responden
"
"70","Contestar las líneas de atención, hemos intentado contactarlos para hacer una
denuncia pero no ha sido posible, es de carácter urgente.
"
"71","Hasta el momento no he recibido el beneficio del mes de enero quedaron en llamar
para avisar el depósito, ya casi van para 2 meses atrasados
"
"72","Quisiera recibir SMS cuando me depositen el dinero en la cuenta ya que los 2
meses he retirado tarde porque me enteró por los demás usuarios
"
"73","Agilizar procesos de entregas de tarjetas por medio de asesoría personalizada
rápida porque llevo más de un mes esperando a que me la den.
"
"74","Cuente NRC con una sede fija, necesitaba asesoría por parte la organización y no
los he podido ubicar se mudaron de donde estaban.
"
"75","Realizar llamadas informando que habrá retraso en los depósitos e informando la
nueva fecha, hasta ahora no se si ya depositaron lo de enero
"
"76","El Cash del mes de enero no lo he recibido quedaron en llamar o avisar por SMS
pero no ha sido posible quisiera que fue un poco más rápido.
"
"77","Dejar a disposición del usuario una línea directa con asesoría jurídica, me
dijeron que me llamarían para atender mi caso y no me llamaron.
"
"78","Respuesta rápida a denuncias que realicen los usuarios referentes al servicio,
mi hermana tuvo un inconveniente, pero nunca lo resolvieron.
"
"79","Cumplir con la fecha estipulada ya que en el mes de enero no pagaron el 24 sino
el 28, no supe porqué y quedé mal con el arrendatario.
"
"80","Cuando bloqueen la tarjeta a un usuario, dar un argumento lógico de porque
tomaron esa acción, e indicar cuánto tiempo permanecerá bloqueada
"
"81","En casos de desbloqueo de tarjeta, enviar el dinero al usuario vía Efecty, para
que pueda pagar sus deudas mientras espera el desbloqueo.
"
"82","Me gustaría que puedan entregar el giro a través de Efecty, porque en el cajero
no tienen prioridad para los adultos mayores y es muy lejos.
"
"83","Si la tarjeta la bloquea la organización por error, consignar el dinero por
Efecty, mientras consiguen solucionar el inconveniente.
"
"84","Avisar con más antelación que el pago se retrasará, contaba con este apoyo para
el alimento ya que estoy sin trabajo y es mi único sustento
"
"85","No establecer una fecha fija y mejor enviar un SMS notificando el depósito, el
pago llegaría el 24 y no llego, estaba confiada del pago
"
"86","Tener mayor organización previa para evitar cambios en las fechas de pago y no
incumplir con lo pactado, esperaba el dinero para el arriendo
"
"87","Cuando envien SMS reportando un retraso que por favor nos digan en ese mismo
mensaje cuánto tiempo debemos esperar para hacer el retiro.
"
"88","Aún no me han avisado cuando es el depósito y me da miedo salir por el Covid,
pienso que esta información es muy importante para nosotros
"
"89","Que cuando tengan retrasos a través del SMS nos puedan decir hasta cuándo
debemos esperar, porque lo utilizo para pagar el mes de arriendo.
"
"90","Intente comunicarme con las líneas de atención suministradas pero no obtuve
respuesta, deben tener más líneas o más asesores.
"
"91","Tener en cuenta a madres solteras al monto de determinar el valor que dan porque
es difícil trabajar y cuidar a los niños al mismo tiempo
"
"92","Complementar esta ayuda con alimentos, la vida es costosa en Bogotá y con el
cash no logro completar para el arriendo y alimento
"
"93","Cuando hayan diferentes cambios en la Organización como el cambio de tarjeta
evitar inconvenientes ya que llevo 3 meses sin recibir dinero.
"
"94","Hice el registro en la página y esperé 8 meses para que me llamaran a
encuestarme, podrían asignar más personal para agilizar dicho proceso.
"
"95","Por mensajes de texto también podamos resolver inquietudes, a veces es
complicado obtener respuesta por llamadas telefónicas.
"
"96","El canal de orientación legal quisiera que fuera más activo; envié una solicitud
de cómo puedo obtener el PEP y no he tenido respuesta.
"
"97","NRC mande las notificaciones de las novedades que surgen en el programa, así
sabríamos contestar las encuestas con más seguridad.
"
"98","No tengo claro las fechas de pago y en las charlas quede confundida, sugiero que
utilicen el correo para avisar cuando se hagan depósitos.
"
"99","Sugiero que den mayor importancia a los casos de robo de tarjeta, para resolver
pronto la situación y que el usuario reciba el beneficio.
"
"100","La primera vez fui a retirar y tuve un error en la tarjeta, llamé y demoraron un
poco en responderme, sugiero más personal para estos casos.
"
"101","Habilitar una línea de WhatsApp para la solicitudes en el área de orientación
legal, puesto que para muchos es más factible.
"
"102","Cuando envien las notificaciones puedan ser un poco más específicos, puesto que
creó desconfianza con todo tipo de llamadas.
"
"103","NRC pueda ofrecer una ayuda en legalización teniendo en cuenta que muchos somos
profesionales y no tenemos el PEP.
"
"104","A veces no llega el mensaje del aviso sobre el depósito mensual, lo que sugiero;
mejor que llamen, ya que consultar me queda muy lejos.
"
"105","Revisar en la base de datos los usuarios que tengan pendiente un pago, a mí me
consignaron solo una vez, me falta un depósito, lo necesitó.
"
"106","Disponer de una línea de WhatsApp para responder a inquietudes o inconvenientes
de los usuarios, pues las llamadas no las contestan.
"
"107","Mejorar en cuanto a los tiempos que brindan la ayuda, en algunos meses demoraban
y a los números telefónicos que llamaba nunca contestaban.
"
"108","Ser claros sobre el tiempo de ayuda con seguimientos telefónico porque dijeron
que iba a recibir 3 consignaciones y solo fueron 2 que recibí
"
"109","Las líneas de atención sean contestadas, he llamado varias veces pero no logró
obtenerla, están ocupados o no contestan y tengo varias dudas
"
"110","Si la consignación fue doble por el inconveniente que tuvieron deberían
notificarlo a través de llamadas porque a mi no me avisaron.
"
"111","Contar con una línea de atenciones efectiva,  es difícil comunicarse, mi pin fue
erróneo y todavía no tengo ninguna solución.
"
"112","Recomiendo tener puntualidad a la hora de realizar los pagos me dijeron que en
siete días y pasaron tres meses para el primer pago.
"
"113","El beneficio lo brinden puntual de acuerdo al lapso del tiempo en que informan,
inicialmente nos dijeron que sería por 3 meses consecutivos.
"
"114","Propongo que si la persona seleccionada no se encuentra para recibir la llamada
puedan dejar el mensaje, así no quedarnos con la curiosidad.
"
"115","Solo actualizar el número de contacto si el usuario lo solicita, me comunicaba
de otro número, cambiaban el contacto y por eso tardó el cash
"
"116","Realizar la entrega mes a mes, así tener presente los montos a retirar y evitar
confusión, en un inicio me dieron un cantidad y luego otra.
"
"117","Seleccionar o verificar los códigos adecuados, ya que en el primer pago me lo
enviaron errado y esto me retraso para recibir el dinero.
"
"118","Realizar los pagos a tiempo ya que desde hace dos meses no me han vuelto a
llamar y desconozco el motivo, no me avisaron de finalización.
"
"119","Revisar en el sistema cuáles usuarios no han recibido el último depósito, tengo
dos meses esperando que me envíen un código para retirarlo.
"
"120","Cuando el beneficiario tenga problemas con el PIN, realizarán seguimiento
constante para que no se tarden y podamos retirar el dinero rápido
"
"121","No tengo claro por cuanto tiempo es, sería bueno que envíen un documento que
contenga toda la información del programa, así despejar dudas.
"
"122","Para que no halla confusión en montos asignados a personas crear un Link donde
pueda tener conocimientos de los aportes que se le consignará
"
"123","A la hora de tomar los datos fijarse que el nombre esté bien escrito; ya que
esto nos perjudica cuando vamos a cobrar en mi caso sucedió.
"
"124","Sugiero que el código lo dicten vía llamada ya que cuando lo mandan por SMS
resulta errado, ya es la segunda vez que me sucede.
"
"125","Establecer las fechas para no estar en la incertidumbre si se recibirá el
siguiente mes o no, me depositaron cada dos meses.
"
"126","Tomar en cuenta las peticiones de los usuarios ya que en el segundo pago me
enviaron un código sin saldo hace dos meses y no han solucionado
"
"127","Generar un diálogo con las empresas por las cuales envían el dinero, para que
estas no generen cobró por la entrega del mismo a los usuarios
"
"128","Cumplir con lo pautado en relación a los depósitos, ya que informaron que lo
realizarían cada mes y no fue así transfieren cada 3 meses.
"
"129","No se encuentra empleo por la pandemia sugiero que la organización pueda
extender el beneficio así podríamos salir adelante en plena crisis.
"
"130","Cumplir con la fecha de los pagos; ya que me dijeron el quince de Julio y me
pagaron a los dos meses después sin saber que había ocurrido.
"
"131","Informar con más claridad a los beneficiarios del tiempo de duración del
programa, así no me crearía falsas expectativas de la organización.
"
"132","Me hubiese gustado que me explicarán porque el monto del segundo pago era de
menor valor que el primero, así no descuadrarme en los gastos.
"
"133","Brindar oportuna atención a beneficiarios a través de seguimiento personalizado
con PIN erróneos; mi caso lleva 6 meses sin dar respuesta.
"
"134","Explicar que requisitos piden en Western Union para el retiro, al acercarme me
pidieron el pep y en la encuesta indique que tenia cédula.
"
"135","Informar hasta que tiempo vamos a tener el beneficio, porque es bueno tener la
información, así planear con la familia su distribución.
"
"136","A los nuevos usuarios explicarles bien el funcionamiento del programa, un pago
me lo hicieron en Julio y el otro a los dos meses.
"
"137","Vreó que WV debería entregar el beneficio según la necesidad de cada usuario, ya
que hay familias que están más necesitadas que otras.
"
"138","A futuro puedan coordinar mejor la entrega del beneficio, ya que hacen una giro
y después toca esperar has 3 meses para el resto.
"
"139","W.V no brinda soluciones rápidas cuando hay problemas con PIN; Apropiarse estos
casos a través de llamadas personalizadas y con seguimientos
"
"140","En Western Union se ha visto aglomeración de personas por la gran cantidad de
beneficiarios que retiran allí, sugiero que tengan otra opción
"
"141","Actualizar los números de atención a sus usuarios, siempre que llamo, están
apagados o no los contestan y necesitaba resolver unas dudas.
"
"142","Cuando presenten retrasos en el pago a un usuario, comunicarse prontamente con
él para decirle el motivo por el cual no le han consignado
"
"143","Debe existir una línea de comunicación entre los funcionarios, me dieron una
información y luego otra, cambiaron la cantidad y me confundí
"
"144","Habiliten numero se contactos para una comunicación más eficaz, ya que en
reiteras oportunidades realizar una consulta y me fue imposible.
"
"145","La comunicación con WV es complicada sugiero habiliten más lineas para la
atención de los beneficiarios y poder así aclarar todas las dudas.
"
"146","Capacitación al personal de WV, para que al momento que tengan que atender al
usuario lo puedan hacer de manera más amable posible.
"
"147","Sería mejor si entregan un bono mensual por el valor determinado para redimirlo
en supermercados autorizados, así se destina solo en comida.
"
"148","Sugiero que el beneficio sea otorgado en meses consecutivos, en mi caso pasaron
dos meses entre un depósito y otro.
"
"149","Considero que deberían visitar las viviendas de los beneficiarios para
identificar en que estado se encuentran y brindar la ayuda necesaria.
"
"150","Recomiendo brindar capacitación a operadoras porque no saben tratar a usuarios
con dudas y la información que brinda no es satisfactoria.
"
"151","Dar cumplimiento con lo establecido ya que nos dicen que es mensual y luego del
primer pago esperar casi cuatro meses para el último pago.
"
"152","Más alianzas con entidades que brindan el dinero como Centro Plaza o Éxito ya
que en Efecty tuve inconvenientes para retirar el último Cash.
"
"153","Sugiero que mejoren la comunicación con el beneficiario ya que llevo un mes
esperando respuesta del código y no me han solucionado.
"
"154","Ubicar los usuarios para entregar el Cash en sitios cercanos a la casa, había un
Western Unión en B- Delicias y tuve que ir al B- Americas.
"
"155","Antes de enviar el código por favor verificar que sea el correcto ya que he
demorado en retirar el mío por esta razón y no es lo ideal.
"
"156","Atender las llamadas en las líneas de atención, al iniciar me dijeron que eran 4
meses y solo me entregaron dos pines para retirar.
"
"157","Que el PMA haga seguimiento al proyecto ya que a algunas personas nos dijeron
que era por 4 meses y son depositaron y, en valores diferentes
"
"158","Cuando me contactaron mencionaron que la ayuda era mensual pero no fue así;
cumplir con lo cordado para no generar expectativas ni ansiedad
"
"159","Recomiendo a WV que al realizar la inscripción puedan tener cuidado al digitar
los nombres al quedar mal escrito nos perjudica en el pago.
"
"160","Opino que en la encuesta las preguntas deben estar orientadas a la alimentación
que tiene la familia y en base a ello determinar el valor.
"
"161","Están pidiendo el PEP para retirar las consignaciones en Western Union, tener en
cuenta que algunos nos registramos solo con la cédula.
"
"162","Recomiendo a W.V. que pueda tener la posibilidad que sus usuarios retiren el
dinero estando fuera de la ciudad, tuve que mudarme.
"
"163","No me quedo claro la totalidad del beneficio porque no fueron 3 meses si no 2;
aclarar información a través de SMS o por llamadas a usuarios
"
"164","Asignar personal exclusivo para contestar las líneas de atención y dar respuesta
a nuestras inquietudes, me costó mucho ser atendido.
"
"165","Tomar medidas necesarias para que el beneficio se entregue de manera consecutiva
mi primera consignación fue en mayo y la segunda en octubre
"
"166","Mi opinión es que llamen constante al beneficiario para preguntar si hemos
recibido el pago a tiempo, desde Octubre no me han enviado código
"
"167","Inicialmente me dijeron que el Cash era por 6 meses pero en el 2 pago recibí SMS
de finalidad del beneficio quisiera saber cual es el tiempo
"
"168","Explicarle paso a paso todo el proceso a los usuarios, no sabia que tenía que
llamar a solicitar el pin y solo obtuve un mes de beneficio.
"
"169","Aún no conozco si mi ayuda ya finalizó, pueden disponer de líneas de atención a
través de WhatsApp, así podemos recibir la información.
"
"170","Mejorar los canales de comunicación de WhatsApp y correo porque estoy confundida
con los pagos y el personal de WV no logro darme respuesta
"
"171","Notificar con SMS la fecha de finalización de la ayuda porque recibí 2 pagos de
3 acorados y nunca me dieron respuesta del faltante.
"
"172","No recibí el Cash por los 3 meses consecutivos como inicialmente me digo WV,
recibí el mes de mayo y octubre quisiera que mejorarán en esto.
"
"173","Tuve problema al momento de realizar mis 2 retiros, pues el código no estaba
registrado, números de WhatsApp para facilitar la comunicación.
"
"174","Enviar mensajes notificando cuando el servicio haya finalizado, pues el SMS
nunca lo recibí, me gustaría saber si me seguirán ayudando.
"
"175","Mejorar el lapso del tiempo en que envían el dinero ya que tuve que esperar 4
meses para que me realizarán nuevamente el depósito del Cash.
"
"176","No fueron seguido los pagos, llamaba y las líneas estaban fuera de servicio;
enviar SMS aclarando situaciones o imprevistos por parte de W.V
"
"177","Tener interacción con usuarios a través de llamadas constantes y personalizada
respecto al tiempo porque deje de recibirla a los 2 meses.
"
"178","Contar con más personal que atienda las líneas de contacto, solo recibí un pago
y tenía entendido que serían varios, nunca me contestaron
"
"179","Se deben tener más línea de atención para que podamos comunicarnos cuando
presentemos inconvenientes ya que lo he intentado varias veces
"
"180","Si existe algún retraso en al pago es importante llamar a los usuarios a
notificarlos, para así tener una alternativa mientras llega.
"
"181","Deseo que WV se contacte con los usuarios para clarificar el tiempo del cash, lo
recibí en junio y en agosto pero ya no, estoy confundido
"
"182","Debido a un retraso en la entrega del Pin tuve que pagar una cuota extra de
arriendo, sugiero que puedan llamarnos con tiempo cuando suceda.
"
"183","El programa podría modificarse con cursos en peluquería para certificarme y
trabajar, mi cash termino y ahora mi necesidad es peor
"
"184","Preguntar siempre que es más conveniente para cada usuario, adelantar o no el
pago, el beneficio termino muy rápido y ahora no se que hacer
"
"185","Continuar con un acompañamiento para los bebés con pañales, medicinas y leche el
cash era para mí hijo y ahora no se que hacer
"
"186","Deseo que NRC alargará por más tiempo este beneficio, porque sufrí una quemadura
y con está discapacidad no tengo como alimentar a mis hijos
"
"187","El programa debe enfocarse en madres gestantes y madres solteras para alargar el
beneficio por más tiempo, tengo 4 hijos y no tengo ayuda
"
"188","Notificar mediante un SMS o correo electrónico cuando realizan cambios en las
entregas del dinero ya que contaba con ello mensualmente.
"
"189","No sé si mi ayuda ya terminó, me gustaría que NRC pudiera llamar a todo aquellos
que ya finalizan el servicio y evitar dudas sobre esto
"
"190","Sugiero habilitar una línea telefónica para que los usuarios que tengamos
inconvenientes podamos resolver los casos y estar más satisfechos.
"
"191","Sugiero que deben tener más personas contestando las llamadas o los correos que
nosotros podamos enviar, por lo demás el servicio está bien
"
"192","Me gustaría que NRC nos avisará mediante SMS la fecha y el monto del dinero para
ir a retirar más seguros y no perder la ida al cajero.
"
"193","Contar con más líneas telefónicas para que podamos obtener respuesta ya que
quisiera saber hasta cuándo dura mi beneficio actualmente.
"
"194","Mi sugerencia sería que nos preguntarán como quisiéramos recibir el dinero ya
que me servía mensual durante los 6 meses para el arriendo.
"
"195","Me hubiera gustado que los niños recibieran atención médica en el tiempo que
duró la ayuda, el dinero no alcanza, y lo usaba en arriendo.
"
"196","Monitorear más a menudo la entrega del dinero a los beneficiarios ya que algunos
hacen mal uso del dinero como en bebidas alcohólicas.
"
"197","Notificar vía SMS si existen atrasos en el pago, no he recibido mi consignación
del mes de agosto y temo ser desalojada, necesito ayuda
"
"198","Pienso que debio durar más la ayuda porque la usaba para arriendo, mi opinión es
que compartan los datos de nosotros a otras ayudas.
"
"199","Para estar más pendientes de los usuarios sería muy bueno que NRC realicé
llamadas y charlas de conciencia sobre los cuidados del covid-19.
"
"200","Aceptar proyectos de emprendimiento para Dar las herramientas según la idea,
para que los migrantes no crean que todo es regalado.
"
"201","Por favor dar la ayuda por 2 meses más mientras la crisis pasa, tengo 2 hijas
con discapacidad, me van a desalojar y estoy desesperada
"
"202","En las encuestas tener en cuenta el nivel económico y las condiciones de salud
para así mismo dar la cantidad de dinero y ayudar más.
"
"203","Pido que tengan más comunicación con nosotros y una línea a la cual podamos
llamar y que nos contesten cuando tengamos alguna duda.
"
"204","Considero que deben tener dos correos alternativos para que puedan responder
nuestras solicitudes a tiempo, uso el Cash en comida y arriendo
"
"205","A veces no contestan los números telefónicos por ello es bueno que NRC envíe SMS
explicando el motivo para no estar intranquilos y esperar.
"
"206","Me hubiese gustado que el cash durará más tiempo, es mejor no adelantar la ayuda
ya que son menos meses para acomodarse.
"
"207","Incluir más personal que responda correos enviados hacia asesoría jurídica, así
atender todas las solicitudes. Pago habitación con el cash.
"
"208","Al finalizar esta ayuda brindar una bolsa de alimentos, kits de aseo, ya que es
con lo único que contaba para comprar alimentos o arriendo.
"
"209","Organizar los cronogramas de entrega de ayudas así no estaría confundida si voy
a recibir el cash, lo que recibo lo uso en alimentos.
"
"210","Preferiría que me llamaran antes de los depósitos y así saber y tener certeza de
salir a la calle a retirar la ayuda.
"
"211","Me ha ayudado mucho para pagar donde vivir pero no me alcanza para la comida,
sugiero que al final nos puedan brindar un bono en alimentos.
"
"212","Estoy delicada de salud, pero no me atienden por estar de forma irregular. Pido
me den información de una ONG en salud que me pueda ayudar.
"
"213","Tengo temor de finalizar el beneficio ya que esté es el único ingreso, NRC pueda
orientarnos a recibir más ayudas como alimentaria o higiene
"
"214","Recibir llamada de NRC para cuando realicen actualizaciones o alguna novedad
como adelanto del dinero ya que aveces me siento confundida.
"
"215","El tiempo en responder si seremos beneficiarios en el servicio sea más corto ya
que me inscribí en enero y hasta junio fui seleccionada.
"
"216","Habilitar una línea de atención para resolver dudas, me llegó un SMS de
culminación del beneficio y no he podido comunicarme para aclarar
"
"217","Crear una línea de atención psicológica para buscar ayuda y orientación ante
situaciones de abuso, pasamos situaciones difíciles
"
"218","Incluir como cabeza de hogar a quien tenga más familiares directos inscritos,
estoy con mis 2 hijas pero quien nos representa es mi hermano.
"
"219","Estoy inscrita hace tiempo pero no me han informado de pagos, no se si me
depositarán o no. Pido que haya más comunicación con los usuarios.
"
"220","Verificar los meses consignados y así mismo enviar el mensaje de terminación,
porqué me llegó este SMS y solo he recibido 3 pagos
"
"221","Sugiero que NRC me realice una llamada aclaratoria ya que en mi caso solo recibí
3 transacciones de 220.000 pesos cada una y tengo dudas.
"
"222","Crear un protocolo de pasos a seguir ante un robo o perdida de la tarjeta para
que sepamos que hacer, hace 2 meses no he podido retirar
"
"223","Falta más comunicación entre NRC y sus usuarios para informar cambios,
modificaciones e implementos nuevos que debemos saber. Deben llamar.
"
"224","Llamar a las personas que no han retirado por meses para saber que paso, ya que
se me perdió la tarjeta y fue imposible comunicarme con NRC
"
"225","Podrían ayudarnos con cartas de salvoconducto que puedan certificar la ayuda,
las autoridades nos dicen que éste no sirve y nos deportarán.
"
"226","Para aquellos usuarios con problemas críticos de salud junto al beneficio
brindar un incentivo puede ser monetario o de implementos médicos.
"
"227","No me han hecho el último depósito, quisiera que me llamaran para que me
informen la razón por la cual no lo realizaron.
"
"228","Realizar una llamada de cierre para agradecerles a NRC y también preguntar si
existirán más proyectos futuro y como acceder a ellos
"
"229","Tener un a línea de atención telefónica porque el pago de mayo no ha llegado no
se porque y debo mudarme por el bienestar de mis hijas
"
"230","Dividir los usuarios y asignar un coordinador para postular dudas acerca del
cash, me siento confundido con los adelantos y no se que hacer
"
"231","Un SMS para notificar que el dinero ya se encuentra en el cajero e ir al cajero
sin ningún inconveniente y con tranquilidad
"
"232","Me gustaría que NRC tuvieras varias líneas de atención telefónica, mi beneficio
pronto culminará y no se el saldo exacto a retirar
"
"233","Pienso que podrían tener una persona colaborando en la atención a los usuarios
ya que intento llamar y escribir y aún no me han respondido
"
"234","De acuerdo a la composición del núcleo familiar donde hayan niños menores de
edad o embarazadas aumentar el montón del dinero por la crisis.
"
"235","Mi único sustento es el que ustedes me dan. Ya casi termina la ayuda. Pido que
al finalizar este apoyo, me indiquen donde podre pedir ayuda.
"
"236","Al entregar la tarjeta darnos un login para ingresar a la página del
banco,verificar saldo y consignación,porque la página no funciona
"
"237","Considero que para evitar inconformidades y pérdida de información, por parte de
NRC nos llamen para explicar los pasos a recolectar el Cash
"
"238","Líneas telefónicas para que nos llamen a preguntar sobre le beneficio ya que el
dinero me llegó incompleto y necesito resuelvan mis dudas.
"
"239","Mi hermana tuvo un problema con su pago y no ha podido comunicarse y desearía
que haya un link donde podamos explicar estas situaciones.
"
"240","Que NRC cree un login para ingresar a la página del banco y así verificar los
movimientos y saber si tengo dinero en mi cuenta
"
"241","Se que es difícil Pero si NRC alargará el tiempo del beneficio o brindará más
dinero yo podría cubrir el arriendo y alimento en la crisis
"
"242","Nunca contestan el whatsapp que dieron el día de la entrega de la tarjeta.
Pueden habilitar una línea de mensajería para resolver dudas
"
"243","Tener un contacto más cercano a NRC por medio de un grupo de WhatsApp,para
preguntar acerca del cash y notificar novedades que nos sucedan
"
"244","Crear un protocolo para la perdida de la tarjeta y darlo a conocer en la 1ra
charla,para saber que hacer en este caso y actuar rápido
"
"245","La ayuda es muy buena. Pero lo que realmente necesitamos es trabajar para
depender de nuestro trabajo y no de las ayudas que nos dan.
"
"246","La ayuda es n
"
"247","Mi esposa y yo somos diabéticos y lo que percibimos de su parte lo gastamos en
medicina, me gustaría recibir algo más para comprar comida.
"
"248","Que NRC done cash a mis familiares que están en Venezuela,es decir contactarlos
y caracterizarlos desde aquí porque están necesitados
"
"249","Sufro de diabetes y también de tiroides. Lo que nos depositas lo gastamos en
medicina. Podrían ayudarnos adicionalmente para el arriendo.
"
"250","Tengo prostatitis aguda y para mí sería beneficioso que NRC tuviera convenios
con IPS para tener un tratamiento con la medicina Erogan
"
"251","Tengo 6 meses de embarazo y en mi casa estamos aguantando hambre porque el
dinero lo pagamos en el alquiler. Por favor apoyenos con comida.
"
"252","Ya vamos a finalizar el período del beneficio y no sabemos Qué hacer si la
cuarentena sigue Ojalá NRC pueda extendernos un mes más
"
"253","Lo que me depositan me alcanza apenas para pagar arriendo, tengo una bebé.
Pediría una ayuda especial para comprar los casas de la bebé.
"
"254","Tengo una bebé de 2 meses de edad me gustaría tener la oportunidad de que NRC
nos de un mes de Gracia Después de terminar el beneficio
"
"255","Seguir adelantando el pago ya que ésto nos alcanza solo para pagar los
hospedajes o arriendos y poco o nada nos queda para la alimentación
"
"256","Yo vendo bolsas y me tengo que exponer en la calle al virus y a la policía, de
verdad necesito la ayuda. Pido que al final me la renueven.
"
"257","No idea
"
"258","Debido a esta cuarentena nos gustaría que aumentaran un poco el saldo y que al
finalizar vuelva a de nuevo a la normalidad
"
"259","Me siento muy agradecida pero estoy preocupada porque el cash terminará deseo
que por favor se alargue es el unico sustento para mí familia
"
"260","Que puedan hacer una alianza con otras organizaciones para recibir mercados o
alimentos debido a que el dinero que usamos es para arriendo
"
"261","Podrían implementar por más tiempo el beneficio o apoyo con alimento porque mi
hijo no puede trabajar y tengo un bebé que necesita alimento
"
"262","Quisiera que el beneficio se ampliará por más tiempo y más cantidad porque está
situación está muy fuerte y dónde vivo me quieren desalojar
"
"263","Hay un número de WhatsApp al que escribimos pero nunca nos responden Queremos
saber si el mes que se adelantó es el último o no
"
"264","Por un número errado cancelaron mi beneficio,deseo que si no contestamos,se
comuniquen por correo electrónico,porque me desalojarán pronto
"
"265","Que nos puedan ayudar con algún otro servicio como el de alimentación pues se
nos ha hecho difícil debido a la cuarentena
"
"266","Que las ayudas las den quincenal en vez de mensual, ya que podríamos percibir
dinero mas seguido y así nos podrá alcanzar para lo necesario.
"
"267","Puedo recibir información de los saldos que nos quedan o meses Por recibir el
beneficio ya que sabremos y nos organizaremos
"
"268","En estos momentos el dinero lo usamos para poder pagar arriendo pero no tenemos
alimentos ojalá pudiesen hacer algo para ayudarnos
"
"269","Quisiera que NRC pudiera hacer convenios para poder recibir otro tipos de
servicios como de alimentación para poder solventar esta crisis
"
"270","Deseo que nos brinden más dinero por más tiempo porque tengo temor de no tener
ingresos y tener que regresar a Venezuela con mi hija
"
"271","Que se pudiera generar una inversión en mercados para poder alimentar nuestras
familias,  ya que el dinero solo alcanza para pagar arriendo.
"
"272","Qué otras organizaciones pueden hacer alianzas con NRC para poder recibir otro
tipo de ayudas como alimentos qué es lo que más necesitamos
"
"273","Necesitamos que nos ayuden con otro tipo de servicios en este momento como
alimentación ya que debido a la situación no tenemos
"
"274","Tengo prostatitis aguda y requiero del medicamento """"erogan"""". Quisiera que me
ayudaran con el medicamento o un dinero extra para comprarlo.
"
"275","Mi bebé presenta problemas de déficit nutricional, yo agradecería que me
ayudaran con algo de medicamento o un dinero extra para comprarlo
"
"276","Que hagan sociedad con alguna eps para que quienes poseemos la tarjeta
disfrutemos de sus servicios de salud. Ya que aquí no nos atienden.
"
"277","Ampliar la cantidad y el tiempo,porqué mi arriendo es caro y debo juntar 2 meses
de cash para pagar 1 mes de arriendo,me preocupa mi familia
"
"278","La información de los adelantos de los meses me hubiese gustado recibirla por
algún medio que pueda darme a conocer la noticia, sería bueno
"
"279","Como no podemos salir frecuentemente me gustaría recibir mi depósito por medio
de una transferencia a mi dispositivo móvil
"
"280","Mi esposo murió hace 20 días y estoy sola con mis tres hijos, podrían renovar mi
ayuda cuando termine. Ya me quedan pocos meses.
"
"281","Mi mamá tiene un quiste en una axila y se le inflama hasta el pecho, yo pienso
que  ayuda extra a personas con condiciones médicas.
"
"282","Quisiera poder recibir el monto ya se como lo han estado haciendo o por otro
medio pero que con SMS pueda saber que ya está allí
"
"283","Nunca me ha llegado información de saldos o información a cerca del beneficio,
me gustaría recibirla y estar informada
"
"284","Apoyo con alimento,porqué me despidieron del trabajo por la crisis,mi esposa
está embarazada y tengo una bebé ellas necesitan buen alimento
"
"285","Que los bancos no cobren comisión al momento de retirar dinero o realizar pago
con la tarjeta porque realmente cada pesito lo necesitamos.
"
"286","Que no prolonguen la ayuda por unos meses más porque esta pandemia nos esta
dejando muchas deudas.
"
"287","Que evaluaran cada caso de los beneficiarios para poder dar un poco más de ayuda
a quienes más lo necesitamos.
"
"288","Que se asiganara una pequeña parte del dinero que nos dan para pagar un seguro y
así nos puedan atender en algún centro médico.
"
"289","Yo diría que nos dieran un bono especial por el periodo de cuarentena,  es que
la situación está mucho más complicada estos días.
"
"290","Estoy feliz por el beneficio pero debido a la pandemia sería bueno prolongarán
el tiempo de la ayuda del dinero ya que estamos sin trabajo.
"
"291","Que NRC ojalá hiciera convenios con organismos para crear albergues o
campamentos y este dinero sirva como pago del sueldo al construirla
"
"292","Que se extiendan 6 meses más la ayuda económica a las familias más necesitadas
para pagar las deudas que nos esta generando esta crisis.
"
"293","Disminuir los meses de entrega del beneficio para captar más efectivo y así
cubrir las necesidades mientras se consigue un trabajo estable
"
"294","Ojalá pudiera usarla también en tiendas con datáfono y no necesariamente en
cadenas de supermercado, con el fin de evitar más costos
"
"295","Un préstamo o microcrédito con reembolso de la suma total, ésto para incentivar
la creación de trabajos independientes para los documentados
"
"296","Que puedan poner en marcha de nuevo este servicio para las personas ya
registradas y que no les ha llegado, para que se beneficien también
"
"297","Que me siguieran entregando la ayuda si la cuarentena se extiende hasta después
de Julio ya que es la fecha para mi último depósito.
"
"298","Que en vez de dar la ayuda 6 meses, se nos de el dinero en un solo depósito para
poder comprar un buen mercado y soportar la cuarentena.
"
"299","Aumentar el monto a mujeres embarazadas solteras pues para ellas la situación es
más difícil, o que para ellas haya un tiempo extra
"
"300","Que nos dieran ese dinero por más tiempo, que dure 10 meses al menos, ya que
esta cuarentena nos tiene endeudados y no tenemos para pagar.
"
"301","De verdad que este aislamiento a empeorado  nuestra calidad de vida, por eso es
necesario que nos ayuden unos meses más y no solo 6 meses.
"
"302","Me he sentido abandonado en esta cuarentena y le pido a nrc que nos colabore con
alimentos durante 2 meses,somos 4 y vivimos en los mártires
"
"303","El monto recibido no nos alcanzan para muchas cosas,podrian implementar un
servicio de salud ya que tengo un mioma y sangro constantemente.
"
"304","Alargar el beneficio por 2 meses más,porque este apoyo me cubre un poco las
necesidades y sin el no tendría ningún ingreso,tengo 3 niñas
"
"305","Unos bonos especiales dirigidos a personas con mayor necesidad, ya que los más
vulnerables estamos siendo muy afectados por el aislamiento.
"
"306","Que nos pudieran ofrecer algunas ofertas en alimentos de la cesta básica en
algunos supermercados a quienes paguemos con la tarjeta
"
"307","Un monto especial para madres solteras con hijos pequeños. Tengo un bebé de 18
meses y lo que me dan no me alcanza para comprar sus cosas.
"
"308","Que aparte del dinero nos apoyaran con un mercado ya que el dinero lo gastamos
todo en arriendo y no nos queda para comprar comida.
"
"309","Yo creo que si aumentaran el monto de ayuda sería mucho mejor porque de verdad
que no alcanza ya que no podemos trabajar por la cuarentena.
"
"310","Estoy agradecida pero el dinero no me alcanza,si brindarán alimento destinaría
el cash al arriendo porqué me preocupa que me desalojen
"
"311","Organizaciones que apoyen el aprendizaje para que puedan brindar cursos
gratuitos y así las personas aprovechen y mejoren su hoja de vida.
"
"312","Me siento bendecida con la ayuda, pero si deberían tener más información para
que la gente la use.
"
"313","Que le suban la tarifa ya que la cuarentena ya que  no podemos trabajar y nos
estamos viendo cortos para los alimentos sería bueno.
"
"314","Muy agradecido con la ayuda, ojalá fuera cada 15 días , mientras esté la crisis
nos veremos con mas necesidad.
"
"315","apoyarnos con un mercado sustancioso estoy desesperada por alimentar a mi bebé
de 2 años y el cash transfer se me acaba en mayo.
"
"316","B Nueva Zelanda,  4 personas:  sugiero que me ayuden con alimentos ya que no
trabajo  por la pandemia.
"
"317","El apoyo fue muy bueno con esto me he podido sostener, yo diría que debería ser
más dinero ya que es mensual.
"
"318","Soy madre de dos niños y sólo yo aportó a mi hogar, Qué posibilidades hay que la
NRC aumente el monto, sólo por este momento de crisis
"
"319","B Villa Gladis. Que me brinden una ayuda de alimentos para mis 2 hijos son
menores edad, actualmente no trabajo por el virus.
"
"320","Todo es muy bueno si se pudiera alargar el tiempo que fuera por un año sería de
gran ayuda para mi familia.
"
"321","Poder usar la tarjeta en donde sea posible ya que sería bueno comprar las
promociones de alimentos y llevar más a la casa.
"
"322","Quisiera recibir capacitación de cómo usar esta tarjeta o como implementarla
para crear mi propio negocio pues es difícil conseguir trabajo
"
"323","Alargar las fechas  por un año ya que la cuarentena cada día es más crítica y mi
familia nesecita comer.
"
"324","Beneficio de salud tengo a mi esposo enfermo y necesita de medicamentos y el
cash tranfer lo utilizo para el sustento en alimentos.
"
"325","Subir monto de cash tranfer ya que no me alcanzo para comprar alimentos y tengos
niños que requieren de una buena alimentacion.
"
"326","La ayuda de CRC es muy buena, pero si nos llamarán más para darla más seguido
sería de gran ayuda en estos momentos.
"
"327","Quisiera usar esta tarjeta en citas generales, en clínicas autorizadas o donde
lo necesite, para mi hija que debe ser valorada medicamente
"
"328","Que aumenten el incentivo, porque somos 4 personas y no nos alcanza para merca y
además no estamos trabajando.
"
"329","Un método más fácil para hacer consulta de la consignación del dinero,se puede
realizar por medio de un correo pero aveces no se entiende.
"
"330","Algunas personas no están seguras de la consignación del dinero,sería bueno
avisarán por medio de un MSJ y así no pierdan la ida al retirar.
"
"331","Deberían estudiar cada caso para que sea mayor la ayuda económica a quienes
necesitan apoyo médico. Como mi esposa que requiere operación.
"
"332","Subir monto ya que por esta crisis es imposible salir a trabajar y el cash
tranfer no me alcanzo para el arriendo.
"
"333","Que dieran un monto de dinero exclusivo para la compra de mercado aparte del que
ya dan, ya que ese nos alcanza apenas para arriendo.
"
"334","Me gustaría que los depósitos sean a principio de mes y no al final. Porque el
pago de los servicios y alquiler son al principio de mes.
"
"335","En este momento es muy buena la ayuda recibida, quisiera que nos capacitaran a
las mujeres cabeza de hogar en emprendimiento.
"
"336","Ojalá pudieran hacer visitas a los beneficiarios para que puedan conocer y ver
cómo se utiliza y De qué manera la tarjeta de dinero
"
"337","Quisiera tener la oportunidad de recibir estos pagos No en 6 meses si no en con
3 con el fin de tener un poco más para la comida de mi bebé
"
"338","Consideró que el monto debiera ser fraccionado en dos meses pues tendríamos un
poco más para el arriendo y la comida, esto sería muy útil
"
"339","Cada vez que consultó en el cajero automático pierdo una transacción, me
gustaría recibir información a mi celular respecto a esto.
"
"340","Soy de la 3ra edad y creo que la caracterización no fue la adecuada, propongo
que  se adelante el pago por  esta situación de cuarentena.
"
"341","Mediante un mensaje de texto pueda ver el estado de cuenta cada vez que compre o
use la tarjeta, y así saber claramente cuanto me queda allí
"
"342","Que puedan realizar censos más seguidos y continuar así, para que los que no han
podido acceder a este servicio reciban el beneficio.
"
"343","Ojalá pudiéramos tener la opción de recibir solo 2 pagos y no 6 pues ésto nos
ayudaría y tendríamos un poco más para hospedaje y comida
"
"344","Brindar las herramientas para un emprendimiento,en mi caso un carro de comidas
para no depender del beneficio y tener ingresos propios
"
"345","Por esta contingencia podrían dar más dinero o un complemento con alimentos
estamos preocupados al no tener como trabajar por el virus
"
"346","Tener la posibilidad de dividir ésto en solo la mitad de los meses de beneficio
con el fin de que tengamos un poco más para asentamiento
"
"347","Adelantar todo el saldo restante por qué teniendo todo el dinero podremos
sustentarnos por los menos por los 2 meses de cuarentena
"
"348","Crear un plan de contingencia para la madres con varios hijos,brindarles
alimento y pañales ya que no podemos trabajar por el virus
"
"349","Retire el dinero pero el monto fue menor al que pensaba, me gustaría tener
acceso por un mensaje al estado de cuenta de la tarjeta siempre
"
"350","Prioricen esta ayuda a familias con niños y 3ra edad realizando visitas, muchos
no necesitan esta ayuda y son los que más  se aprovechan.
"
"351","Microcréditos para iniciar un proyecto productivo,porqué a pesar de que este
servicio es muy bueno,este se acabará y mi necesidad va seguir
"
"352","A mi parecer la ayuda es muy poco y para contrarrestar esto deberían dar también
implementos de aseo para los niños porque no nos alcanza
"
"353","el monto que me llega no me alcanza para mucho y  propongo que con la tarjeta
nos brinden alimentos, ya que es lo más costoso.
"
"354","Que en la caracterización a las mujeres embarazadas contaran su bebé como un
integrante del núcleo familiar, en mi caso no fue incluido.
"
"355","Me llegó un poco menos del dinero acordado, y para evitar confusiones y
descuentos pueden enviarnos un mensaje de texto especificando todo.
"
"356","Sería positivo que junto con el dinero nos brindarán alimento por qué no alcanzo
a cubrir todas la necesidades de mi familia
"
"357","Microcréditos para emprendimientos para las personas de la 3ra edad por qué
teniendo un ingreso independiente no sería una carga para nadie
"
"358","Capacitaciones de cómo distribuir el dinero a lo largo del mes,porqué así sabría
que porcentaje debo destinar para el arriendo y al alimento
"
"359","Ampliar las visualizaciones de saldo a + de 3,porqué me descontaron dinero al ir
al cajero varias veces por desconocer la fecha de entrega
"
"360","Considero que el monto recibido no fue el apropiado y me gustaría que se
aumentara la cantidad de este ya que  somos 8 personas en mi casa
"
"361","Implementar medicinas en NRC para que personas con ciertas enfermedades,tengamos
medicamentos y destinar el cash a otra necesidad
"
"362","Al citarnos al seguimiento infórmanos cambios si existen,por qué a la fecha no
he podido retirar y no sé si ya no tengo este beneficio
"
"363","Informarme por medio de notificaciones si realizarán cambios en la fecha de
entrega,por qué hasta el momento no podido retirar
"
"364","Si llegan a cambiar la fecha por favor notifiquen por llamada y con antelación
para saber cómo organizar los gastos mensuales
"
"365","Visitas domiciliarias para evidenciar las condiciones en las que vivo y ampliar
el tiempo de este beneficio por qué estoy muy necesitado
"
"366","Visitas a los beneficiarios,dónde evidencien  las condiciones y cantidad de
niños y así tomar la decisión de continuar o no con el cash
"
"367","Alimentos y kits de aseo para bebés con pañales,crema y pañitos para destinar el
cash en el arriendo por qué soy madre soltera
"
"368","Si cambian la fecha de entrega,por favor asegurarse que el dinero llegué en la
nueva fecha por qué me siento preocupada al no poder retirar
"
"369","Notificar por mensaje texto o vía correo electrónico la consignación del dinero
para no preocuparme si el pago llegó o no
"
"370","Se debe preveer que uno cuenta con el dinero en una fecha fija,mi hija estuvo
hospitalizada y al tener este dinero no la pude retirar
"
"371","Bonos de alimentos y ropa junto con el cash para que nuestras cargas sean más
livianas y destinar el dinero al arriendo y servicios
"
"372","Notificarme al celular si ya fue realizado el pago para dirigirme de una vez al
cajero sin ninguna incertidumbre
"
"373","Mantener la fecha fija o si es posible realizar la consignación cada 15 días por
a fin de mes nos vemos cortos
"
"374","Pautar un fecha fija del cash,porqué así puedo organizar los recursos del mes y
cumplir con el arriendo y las demás obligaciones
"
"375","Tener una fecha fija para retirar el dinero por que me he comprometido a pagar
el arriendo en cierta fecha y me atraso por los cambios
"
"376","El monto de dinero debería ser mayor como (500.000) mensual, ya que el nivel de
vida en Bogotá es costosa y debería ser proporcional
"
"377","Mensualmente recibo 120.000 y desearía 200.000 para poder sobrellevar las
obligaciones del hogar, mis ingresos no alcanzan.
"
"378","Quisiera que el apoyo económico subiera a $300.000 por qué este nuevo año
aumento mi arriendo y la comida y no me alcanza para subsistir
"
"379","Deseo que la consignación del  subsidio sean cada 15 días ya que mensualmente se
nos dificulta distribuir bien el dinero.
"
"380","Nuestra familia es de 6 y el dinero no me alcanza mucho, me gustaría que se
incentive económicamente los  proyecto de emprendimiento.
"
"381","Que realicen una visita que determine nuestra condición  y cuántas personas
somos para así aumentar el valor de la ayuda, estamos muy mal
"
"382","El pago no me llegó completo y por ende no me alcanzó para cubrir muchos gastos
que tengo, me gustaría mayor control sobre el pago mensual.
"
"383","Si fuese yo aumentaría el monto del subsidio ya que me encuentro sin empleo y 
no me alcanza para mucho, ni para alimentación.
"
"384","Me agradaría que se hicieran unos ajustes aumentando el saldo de la tarjeta ya
que esta cantidad no es suficiente y todo es muy costoso
"
"385","Todo en este cambio de año subió todo  y sin empleo ni modo, y por eso sería
positivo que este también subiera su valor monetario.
"
"386","Mi familia es muy numerosa y quisiera que el monto de dinero lo dieran según la
cantidad de personas en la casa ya que es muy poca plata
"
"387","Sería necesario que se cree un comité de la misma comunidad que puedan
identificar la vulnerabilidad y ayudar a que tengan este apoyo.
"
"388","No quiero ser desagradecida, pero me gustaría que el monto fuera mayor debido a
que mi núcleo familiar es muy grande y estamos muy mal
"
"389","Sería un gran aporte más de dinero,por qué tengo una hija con discapacidad
cognitiva y los recursos no me alcanzan para costear su salud
"
"390","Me desalojaron y tendré que dormir en la calle con mis hijos, quisiera que
aumentaran la cantidad de dinero para pagar una habitación.
"
"391","Mi idea es implementar notificaciones en mi celular la cuáles me avisen del pago
en la tarjeta y así saber cuándo puedo retirar mi dinero
"
"392","Mi idea es que la cantidad de dinero se pueda aumentar en aproximadamente
200.000 pesos más ya que no contamos con una estabilidad
"
"393","Me encuentro en condición de calle y en este momento no alcanzo a costear mi
sustento,es por esto que sería grandioso un poco más de dinero
"
"394","Pero no han hecho la entrega del dinero este mes, mi idea es que sean puntuales
ya que necesito comprar zapatos y útiles escolares
"
"395","Creo que el dinero no me llegó completo y mi idea es que la información de la
entrega y el monto sea más especifica Para no generar dudas
"
"396","Si no es posible ampliar la cantidad de dinero, me gustaría que otro miembro de
mi núcleo pudiera tener este beneficio y así estabilizarnos
"
"397","Es importante que la cantidad fuera más alta ya que tengo una bb de 7 meses, me
encuentro desempleada y esto mejoraría mi calidad de vida.
"
"398","Tengo una bebé de 7 meses y muchos gastos y considero que el monto es muy poco,
mi idea es que el monto sea mayor porque no tenemos empleo.
"
"399","La cantidad que nos dieron es muy poca ya que  no nos alcanza para ganar ni una
habitación. Seria positivo que fuera mayor cantidad
"
"400","Esperaba que el dinero fuese más cantidad, y me enfoco en que se logre subir el
monto ya que trabajo en la informalidad y no me alcanza
"
